Sample,Pathway,Effect,Pct_Total
Women,Attitudinal,-0.005339398307414173,3.8
Women,Economic (earnings),-0.09178025772077188,65.6
Women,Partnership,0.031735679471125475,-22.7
Women,Direct,-0.07454285218666401,53.3
Men,Attitudinal,0.0063747633817791,-11.5
Men,Economic (earnings),0.029084085464742684,-52.3
Men,Partnership,-0.008142296119360973,14.6
Men,Direct,-0.08293644232545679,149.1
